[{"model": "auth.permission", "pk": 1, "fields": {"name": "Can add log entry", "content_type": 1, "codename": "add_logentry"}}, {"model": "auth.permission", "pk": 2, "fields": {"name": "Can change log entry", "content_type": 1, "codename": "change_logentry"}}, {"model": "auth.permission", "pk": 3, "fields": {"name": "Can delete log entry", "content_type": 1, "codename": "delete_logentry"}}, {"model": "auth.permission", "pk": 4, "fields": {"name": "Can view log entry", "content_type": 1, "codename": "view_logentry"}}, {"model": "auth.permission", "pk": 5, "fields": {"name": "Can add permission", "content_type": 2, "codename": "add_permission"}}, {"model": "auth.permission", "pk": 6, "fields": {"name": "Can change permission", "content_type": 2, "codename": "change_permission"}}, {"model": "auth.permission", "pk": 7, "fields": {"name": "Can delete permission", "content_type": 2, "codename": "delete_permission"}}, {"model": "auth.permission", "pk": 8, "fields": {"name": "Can view permission", "content_type": 2, "codename": "view_permission"}}, {"model": "auth.permission", "pk": 9, "fields": {"name": "Can add group", "content_type": 3, "codename": "add_group"}}, {"model": "auth.permission", "pk": 10, "fields": {"name": "Can change group", "content_type": 3, "codename": "change_group"}}, {"model": "auth.permission", "pk": 11, "fields": {"name": "Can delete group", "content_type": 3, "codename": "delete_group"}}, {"model": "auth.permission", "pk": 12, "fields": {"name": "Can view group", "content_type": 3, "codename": "view_group"}}, {"model": "auth.permission", "pk": 13, "fields": {"name": "Can add user", "content_type": 4, "codename": "add_user"}}, {"model": "auth.permission", "pk": 14, "fields": {"name": "Can change user", "content_type": 4, "codename": "change_user"}}, {"model": "auth.permission", "pk": 15, "fields": {"name": "Can delete user", "content_type": 4, "codename": "delete_user"}}, {"model": "auth.permission", "pk": 16, "fields": {"name": "Can view user", "content_type": 4, "codename": "view_user"}}, {"model": "auth.permission", "pk": 17, "fields": {"name": "Can add content type", "content_type": 5, "codename": "add_contenttype"}}, {"model": "auth.permission", "pk": 18, "fields": {"name": "Can change content type", "content_type": 5, "codename": "change_contenttype"}}, {"model": "auth.permission", "pk": 19, "fields": {"name": "Can delete content type", "content_type": 5, "codename": "delete_contenttype"}}, {"model": "auth.permission", "pk": 20, "fields": {"name": "Can view content type", "content_type": 5, "codename": "view_contenttype"}}, {"model": "auth.permission", "pk": 21, "fields": {"name": "Can add session", "content_type": 6, "codename": "add_session"}}, {"model": "auth.permission", "pk": 22, "fields": {"name": "Can change session", "content_type": 6, "codename": "change_session"}}, {"model": "auth.permission", "pk": 23, "fields": {"name": "Can delete session", "content_type": 6, "codename": "delete_session"}}, {"model": "auth.permission", "pk": 24, "fields": {"name": "Can view session", "content_type": 6, "codename": "view_session"}}, {"model": "auth.permission", "pk": 25, "fields": {"name": "Can add album list", "content_type": 7, "codename": "add_albumlist"}}, {"model": "auth.permission", "pk": 26, "fields": {"name": "Can change album list", "content_type": 7, "codename": "change_albumlist"}}, {"model": "auth.permission", "pk": 27, "fields": {"name": "Can delete album list", "content_type": 7, "codename": "delete_albumlist"}}, {"model": "auth.permission", "pk": 28, "fields": {"name": "Can view album list", "content_type": 7, "codename": "view_albumlist"}}, {"model": "auth.permission", "pk": 29, "fields": {"name": "Can add artist list", "content_type": 8, "codename": "add_artistlist"}}, {"model": "auth.permission", "pk": 30, "fields": {"name": "Can change artist list", "content_type": 8, "codename": "change_artistlist"}}, {"model": "auth.permission", "pk": 31, "fields": {"name": "Can delete artist list", "content_type": 8, "codename": "delete_artistlist"}}, {"model": "auth.permission", "pk": 32, "fields": {"name": "Can view artist list", "content_type": 8, "codename": "view_artistlist"}}, {"model": "auth.permission", "pk": 33, "fields": {"name": "Can add songs list", "content_type": 9, "codename": "add_songslist"}}, {"model": "auth.permission", "pk": 34, "fields": {"name": "Can change songs list", "content_type": 9, "codename": "change_songslist"}}, {"model": "auth.permission", "pk": 35, "fields": {"name": "Can delete songs list", "content_type": 9, "codename": "delete_songslist"}}, {"model": "auth.permission", "pk": 36, "fields": {"name": "Can view songs list", "content_type": 9, "codename": "view_songslist"}}, {"model": "auth.permission", "pk": 37, "fields": {"name": "Can add artist", "content_type": 10, "codename": "add_artist"}}, {"model": "auth.permission", "pk": 38, "fields": {"name": "Can change artist", "content_type": 10, "codename": "change_artist"}}, {"model": "auth.permission", "pk": 39, "fields": {"name": "Can delete artist", "content_type": 10, "codename": "delete_artist"}}, {"model": "auth.permission", "pk": 40, "fields": {"name": "Can view artist", "content_type": 10, "codename": "view_artist"}}, {"model": "auth.permission", "pk": 41, "fields": {"name": "Can add comments", "content_type": 11, "codename": "add_comments"}}, {"model": "auth.permission", "pk": 42, "fields": {"name": "Can change comments", "content_type": 11, "codename": "change_comments"}}, {"model": "auth.permission", "pk": 43, "fields": {"name": "Can delete comments", "content_type": 11, "codename": "delete_comments"}}, {"model": "auth.permission", "pk": 44, "fields": {"name": "Can view comments", "content_type": 11, "codename": "view_comments"}}, {"model": "auth.permission", "pk": 45, "fields": {"name": "Can add action", "content_type": 12, "codename": "add_action"}}, {"model": "auth.permission", "pk": 46, "fields": {"name": "Can change action", "content_type": 12, "codename": "change_action"}}, {"model": "auth.permission", "pk": 47, "fields": {"name": "Can delete action", "content_type": 12, "codename": "delete_action"}}, {"model": "auth.permission", "pk": 48, "fields": {"name": "Can view action", "content_type": 12, "codename": "view_action"}}, {"model": "auth.user", "pk": 1, "fields": {"password": "pbkdf2_sha256$260000$0aOOjQjp5cYtuPsU80AWcz$e+l66zOIFuk6VDEnU9OiIA2i2sekBmK29cgZbx/qblA=", "last_login": null, "is_superuser": false, "username": "artist", "first_name": "", "last_name": "", "email": "artist@gmail.com", "is_staff": false, "is_active": true, "date_joined": "2021-11-13T04:05:42.566Z", "groups": [], "user_permissions": []}}, {"model": "auth.user", "pk": 3, "fields": {"password": "pbkdf2_sha256$260000$oT2JVTG6YD5M5sLlS6I8xQ$6A1od4O0n1hnGmKd/251PEu5VRIhSW12ZBiGQtrjZiQ=", "last_login": null, "is_superuser": false, "username": "anuvjain", "first_name": "", "last_name": "", "email": "anuvjain@gmail.com", "is_staff": false, "is_active": true, "date_joined": "2021-11-13T06:23:26.665Z", "groups": [], "user_permissions": []}}, {"model": "auth.user", "pk": 4, "fields": {"password": "pbkdf2_sha256$260000$ZecKjrIQ8DZirndEqB3lzB$y3cDQCFtiXPHMaJxbWfyWhhw1YIaQLtIkRC9RbhuVaM=", "last_login": null, "is_superuser": false, "username": "bharatchauhan", "first_name": "", "last_name": "", "email": "bharatchauhan@gmail.com", "is_staff": false, "is_active": true, "date_joined": "2021-11-13T06:25:11.600Z", "groups": [], "user_permissions": []}}, {"model": "auth.user", "pk": 5, "fields": {"password": "pbkdf2_sha256$260000$oLTh595vUchI6Z2AIcaRUp$FXsB5JB/eNfrWamKRhdrPEQx+U88MVoVBd6iVyNFRkc=", "last_login": null, "is_superuser": false, "username": "bombaybandook", "first_name": "", "last_name": "", "email": "bombaybandook@gmail.com", "is_staff": false, "is_active": true, "date_joined": "2021-11-13T06:25:43.277Z", "groups": [], "user_permissions": []}}, {"model": "auth.user", "pk": 6, "fields": {"password": "pbkdf2_sha256$260000$ltfrsf8eZUaQzP25mWVdt7$gNfS245dnNI5lQlcyZSawKCQLAX6gAU/sx8vDDfTP0Y=", "last_login": null, "is_superuser": false, "username": "lifafa", "first_name": "", "last_name": "", "email": "lifafa@hotmail.com", "is_staff": false, "is_active": true, "date_joined": "2021-11-13T06:26:07.757Z", "groups": [], "user_permissions": []}}, {"model": "auth.user", "pk": 7, "fields": {"password": "pbkdf2_sha256$260000$MjIBS2lK6vKvOunQd2A3eO$FJ0C61+FeFQynmTVushVZELesid8oN4j11T8m4+J9Yc=", "last_login": null, "is_superuser": false, "username": "pcrc", "first_name": "", "last_name": "", "email": "pcrc@gmail.com", "is_staff": false, "is_active": true, "date_joined": "2021-11-13T06:27:01.161Z", "groups": [], "user_permissions": []}}, {"model": "auth.user", "pk": 8, "fields": {"password": "pbkdf2_sha256$260000$NU7tPwN6teXEwiuNQBzwdi$BZBjDg43DswAIl6NwfiJ1dkp18v7hkxzu+DpciLovi8=", "last_login": null, "is_superuser": false, "username": "prabh", "first_name": "", "last_name": "", "email": "prabh123@yahoo.in", "is_staff": false, "is_active": true, "date_joined": "2021-11-13T06:27:22.694Z", "groups": [], "user_permissions": []}}, {"model": "auth.user", "pk": 9, "fields": {"password": "pbkdf2_sha256$260000$cAEeag5cayV1wZVx6wCJIt$qFTpvhKKMnoCPjbYKONFZcjRjRls+/Hbflmc5pudU2U=", "last_login": null, "is_superuser": false, "username": "anoumasey", "first_name": "", "last_name": "", "email": "anoush@gmail.com", "is_staff": false, "is_active": true, "date_joined": "2021-11-13T06:28:03.153Z", "groups": [], "user_permissions": []}}, {"model": "auth.user", "pk": 10, "fields": {"password": "pbkdf2_sha256$260000$XdPsSA7tqRF2yCBGg9zoBV$gifsWrvH1TAT50NXyq9Nhz0xVq4v6Vo2+FRNL/11oIs=", "last_login": null, "is_superuser": false, "username": "localtrain", "first_name": "", "last_name": "", "email": "thelocaltrain@yahoo.in", "is_staff": false, "is_active": true, "date_joined": "2021-11-13T06:28:31.350Z", "groups": [], "user_permissions": []}}, {"model": "auth.user", "pk": 22, "fields": {"password": "pbkdf2_sha256$260000$8qprGnQg7PTMOuIbUMFVPb$JFx7YRXSupEmMTLmEEAjbAaaae+hlqfR+HQivH/mDmc=", "last_login": null, "is_superuser": false, "username": "finaltest2", "first_name": "", "last_name": "", "email": "test@gmail.com", "is_staff": false, "is_active": true, "date_joined": "2021-11-13T07:44:14.082Z", "groups": [], "user_permissions": []}}, {"model": "auth.user", "pk": 23, "fields": {"password": "pbkdf2_sha256$260000$Bxz6QlCFbyXlGV8pkoOYna$PoeJqa5otTbfN88o4EuSx5PLd65rjNSFs/1CTCV1hBE=", "last_login": null, "is_superuser": false, "username": "test3", "first_name": "", "last_name": "", "email": "test3@gmail.com", "is_staff": false, "is_active": true, "date_joined": "2021-11-13T20:37:10.445Z", "groups": [], "user_permissions": []}}, {"model": "auth.user", "pk": 24, "fields": {"password": "pbkdf2_sha256$260000$C0JZcT63grb6hG82HdkF8U$DR9ado2Cvfpt4hkDgHh35vrognCMFLcLr8dh+PVJXJg=", "last_login": null, "is_superuser": false, "username": "test4", "first_name": "", "last_name": "", "email": "test4@gmail.com", "is_staff": false, "is_active": true, "date_joined": "2021-11-13T20:39:38.765Z", "groups": [], "user_permissions": []}}, {"model": "auth.user", "pk": 25, "fields": {"password": "pbkdf2_sha256$260000$6r1pQfC9xMDauWhokw8hQl$z+ftegNHkRa/o9uG+kad0F5Cs18K3n84J8HEkT0JiIY=", "last_login": null, "is_superuser": false, "username": "test 11", "first_name": "", "last_name": "", "email": "test11@gmail.com", "is_staff": false, "is_active": true, "date_joined": "2021-11-18T23:08:48.023Z", "groups": [], "user_permissions": []}}, {"model": "auth.user", "pk": 26, "fields": {"password": "pbkdf2_sha256$260000$KWqeS8PgXimexysYVNQqjv$yNe1trfIyExDC1ddW9yxb7AzgMH1+83XLcATJpjEAZ0=", "last_login": null, "is_superuser": false, "username": "admin", "first_name": "", "last_name": "", "email": "admin@unlabel.com", "is_staff": false, "is_active": true, "date_joined": "2021-11-19T14:03:00.187Z", "groups": [], "user_permissions": []}}, {"model": "contenttypes.contenttype", "pk": 1, "fields": {"app_label": "admin", "model": "logentry"}}, {"model": "contenttypes.contenttype", "pk": 2, "fields": {"app_label": "auth", "model": "permission"}}, {"model": "contenttypes.contenttype", "pk": 3, "fields": {"app_label": "auth", "model": "group"}}, {"model": "contenttypes.contenttype", "pk": 4, "fields": {"app_label": "auth", "model": "user"}}, {"model": "contenttypes.contenttype", "pk": 5, "fields": {"app_label": "contenttypes", "model": "contenttype"}}, {"model": "contenttypes.contenttype", "pk": 6, "fields": {"app_label": "sessions", "model": "session"}}, {"model": "contenttypes.contenttype", "pk": 7, "fields": {"app_label": "unlabel", "model": "albumlist"}}, {"model": "contenttypes.contenttype", "pk": 8, "fields": {"app_label": "unlabel", "model": "artistlist"}}, {"model": "contenttypes.contenttype", "pk": 9, "fields": {"app_label": "unlabel", "model": "songslist"}}, {"model": "contenttypes.contenttype", "pk": 10, "fields": {"app_label": "unlabel", "model": "artist"}}, {"model": "contenttypes.contenttype", "pk": 11, "fields": {"app_label": "unlabel", "model": "comments"}}, {"model": "contenttypes.contenttype", "pk": 12, "fields": {"app_label": "unlabel", "model": "action"}}, {"model": "sessions.session", "pk": "cqrd5hvkiziaj5b45lzi7zxvngdyc1le", "fields": {"session_data": "eyJ1c2VybmFtZSI6ImxpZmFmYSIsInJvbGUiOiJyZWd1bGFyIn0:1moFZw:xpWg-GbWyfalp7vXHPmZSf9Igi7a-52NSIk8DSYdY6Q", "expire_date": "2021-12-04T01:54:08.819Z"}}, {"model": "unlabel.artist", "pk": 1, "fields": {"user": 3, "role": "regular", "artistImage": "artists/anuv-jain.jpeg", "artistName": "Anuv Jain", "description": "", "artistGenre": "Trending", "music_visibility": "SM"}}, {"model": "unlabel.artist", "pk": 2, "fields": {"user": 4, "role": "regular", "artistImage": "artists/bharat-chauhan.jpeg", "artistName": "Bharat Chuahan", "description": "", "artistGenre": "Trending", "music_visibility": "SM"}}, {"model": "unlabel.artist", "pk": 3, "fields": {"user": 5, "role": "regular", "artistImage": "artists/bombay-bandook.jpeg", "artistName": "Bombay Bandook", "description": "", "artistGenre": "Trending", "music_visibility": "SM"}}, {"model": "unlabel.artist", "pk": 4, "fields": {"user": 6, "role": "regular", "artistImage": "artists/lifafa.jpeg", "artistName": "Lifafa", "description": "Contemporary electronic music production has served to score the memories of a generation here in India, but with one element strangely absent - voice and vernacular. As Lifafa, Suryakant Sawhney has spent five years exploring uncharted terrain in this part of the world: electronic music that not only speaks in sonics, but also of words and meaning. The audience for this music is unknown. Via an ongoing exploration of Hindi and Urdu, a constant refinement of his own production techniques, and his instinctive take on melody and cadence, this music - spiritual and sensual, familiar and alien - has caught the attention of audiences not just in urban, Anglicised India, but in less obvious corners of this country, and beyond.", "artistGenre": "Trending", "music_visibility": "SM"}}, {"model": "unlabel.artist", "pk": 5, "fields": {"user": 7, "role": "regular", "artistImage": "artists/peter-cat-recording-company.jpeg", "artistName": "Peter Cat Recording Company", "description": "Peter Cat Recording Co. is a Delhi-based band that was founded in 2009. The band consists of five members: Suryakant Sawhney, Karan Singh, Dhruv Bhola, Rohit Gupta and Kartik Sundareshan Pillai. In 2018, they signed to Paris based label Panache and released their first record Portrait of A Time: 2010 - 2016. In June 2019, they released Bismillah. With two new members on board since 2017, the decade-old band is now “a self-aware organism”, said frontman Suryakant Sawhney – a “more well-oiled machine” than ever before. It still retains three of its older members: Sawhney, the principal songwriter; Kartik Pillai on keyboard, guitars, trumpet and electronics; and Karan Singh on drums.", "artistGenre": "Trending", "music_visibility": "SM"}}, {"model": "unlabel.artist", "pk": 6, "fields": {"user": 8, "role": "regular", "artistImage": "artists/prabhdeep.jpeg", "artistName": "Prabhdeep ", "description": "Prabh Deep is widely acknowledged as one of the best underground MCs in the country. Born and brought up in Tilak Nagar, Prabh’s music paints a vivid picture of growing up in a locality that’s reeling from high unemployment rates and the recent influx of drugs in the community. His early critical success of his singles such as G Maane and Kal led to music streaming giant Saavn tapping him as one of the faces of their Desi Hip-Hop campaign and Apple Music featuring him as the spotlight artist of the month. His debut album, titled Class-Sikh, was produced in collaboration with hip-hop phenom Sez On The Beat and is widely regarded as one of the seminal albums that will come to define not just the Indian hip-hop scene, but the music industry in the country at large.", "artistGenre": "Trending", "music_visibility": "SM"}}, {"model": "unlabel.artist", "pk": 7, "fields": {"user": 9, "role": "regular", "artistImage": "artists/anoushka-masey.jpeg", "artistName": "Anoushka Masey", "description": "", "artistGenre": "Trending", "music_visibility": "SM"}}, {"model": "unlabel.artist", "pk": 8, "fields": {"user": 10, "role": "regular", "artistImage": "artists/the-local-train.jpeg", "artistName": "The Local Train", "description": "", "artistGenre": "Trending", "music_visibility": "SM"}}, {"model": "unlabel.artist", "pk": 11, "fields": {"user": 22, "role": "regular", "artistImage": "artists/default.png", "artistName": "Admin", "description": "", "artistGenre": "Trending", "music_visibility": "SM"}}, {"model": "unlabel.artist", "pk": 12, "fields": {"user": 23, "role": "regular", "artistImage": "artists/default.png", "artistName": "Test 3", "description": "", "artistGenre": "Trending", "music_visibility": "SM"}}, {"model": "unlabel.artist", "pk": 13, "fields": {"user": 24, "role": "regular", "artistImage": "artists/default.png", "artistName": "Test 4", "description": "", "artistGenre": "Trending", "music_visibility": "SM"}}, {"model": "unlabel.artist", "pk": 14, "fields": {"user": 25, "role": "regular", "artistImage": "artists/default.png", "artistName": "test 11", "description": "", "artistGenre": "Trending", "music_visibility": "SM"}}, {"model": "unlabel.artist", "pk": 15, "fields": {"user": 26, "role": "admin", "artistImage": "artists/default.png", "artistName": "Admin", "description": "", "artistGenre": "Trending", "music_visibility": "SM"}}, {"model": "unlabel.albumlist", "pk": 17, "fields": {"albumName": "Jaago", "albumArt": "albums/jaago.jpeg", "published": "2021-11-03", "num_of_songs": 3, "artist": 4}}, {"model": "unlabel.albumlist", "pk": 31, "fields": {"albumName": "Pandemic", "albumArt": "albums/pandemic.jpeg", "published": "2021-11-04", "num_of_songs": 1, "artist": 6}}, {"model": "unlabel.albumlist", "pk": 33, "fields": {"albumName": "Superpower 2020", "albumArt": "albums/superpower-2020.jpeg", "published": "2021-11-04", "num_of_songs": 3, "artist": 4}}, {"model": "unlabel.albumlist", "pk": 34, "fields": {"albumName": "We’re Getting Married", "albumArt": "albums/we're-getting-married.jpeg", "published": "2021-11-05", "num_of_songs": 1, "artist": 5}}, {"model": "unlabel.albumlist", "pk": 35, "fields": {"albumName": "Potrait of Time", "albumArt": "albums/portrait-of-time.jpeg", "published": "2021-11-05", "num_of_songs": 3, "artist": 5}}, {"model": "unlabel.albumlist", "pk": 36, "fields": {"albumName": "Happy Holidays", "albumArt": "albums/happy-holidays.jpeg", "published": "2021-11-05", "num_of_songs": 3, "artist": 5}}, {"model": "unlabel.albumlist", "pk": 37, "fields": {"albumName": "Chitta", "albumArt": "albums/chitta.jpeg", "published": "2021-11-05", "num_of_songs": 1, "artist": 6}}, {"model": "unlabel.albumlist", "pk": 38, "fields": {"albumName": "Tabia", "albumArt": "albums/tabia.jpeg", "published": "2021-11-05", "num_of_songs": 3, "artist": 6}}, {"model": "unlabel.albumlist", "pk": 39, "fields": {"albumName": "September Embers", "albumArt": "albums/september-embers.jpeg", "published": "2021-11-05", "num_of_songs": 1, "artist": 7}}, {"model": "unlabel.albumlist", "pk": 40, "fields": {"albumName": "Empire of Fear", "albumArt": "albums/empire-of-fear.jpeg", "published": "2021-11-05", "num_of_songs": 1, "artist": 7}}, {"model": "unlabel.albumlist", "pk": 41, "fields": {"albumName": "Things I Saw In A Dream", "albumArt": "albums/things-i-saw-in-a-dream.jpeg", "published": "2021-11-05", "num_of_songs": 3, "artist": 7}}, {"model": "unlabel.albumlist", "pk": 42, "fields": {"albumName": "Azad", "albumArt": "albums/azad.jpeg", "published": "2021-11-05", "num_of_songs": 1, "artist": 3}}, {"model": "unlabel.albumlist", "pk": 43, "fields": {"albumName": "Parvaaz", "albumArt": "albums/parvaaz.jpeg", "published": "2021-11-05", "num_of_songs": 1, "artist": 3}}, {"model": "unlabel.albumlist", "pk": 44, "fields": {"albumName": "Tilak", "albumArt": "albums/tilak.jpeg", "published": "2021-11-05", "num_of_songs": 1, "artist": 3}}, {"model": "unlabel.albumlist", "pk": 45, "fields": {"albumName": "Test 123", "albumArt": "albums/we're-getting-married.jpeg", "published": "2021-11-18", "num_of_songs": 3, "artist": 1}}, {"model": "unlabel.songslist", "pk": 43, "fields": {"songName": "Jaago", "lyrics": "jaago test", "album": 17}}, {"model": "unlabel.songslist", "pk": 44, "fields": {"songName": "Nikamma", "lyrics": "nikamma test", "album": 17}}, {"model": "unlabel.songslist", "pk": 45, "fields": {"songName": "Candy", "lyrics": "candy test", "album": 17}}, {"model": "unlabel.songslist", "pk": 61, "fields": {"songName": "Irradon", "lyrics": "", "album": 33}}, {"model": "unlabel.songslist", "pk": 62, "fields": {"songName": "Laash", "lyrics": "Hum hi hain\nHum hi hain\nHum hi hain\nHum hi hain\nTere liye khaas\nHum hi hain\nTere liye khaas\nTu hain humare liye saans\nHum hi hain\nTere liye khaas\nTu hain humare liye saans\nO hum hain seedhe\nO hum hain bhole\nKardenge seedhe\nDil se baat\nHum hi hain\nTere liye khaas\nTu hain humare liye saans\nYeh suhani\nHai kahaani\nJab se tu hai mere paas\nO purani\nYeh jawaani\nJab se tu hai mere paas\nHum to hain tere liye pyaase re\nTu hai humare liye laash\nHum hi hain tere liye pyaase re\nTu hai humare liye laash\nO hum hain seedhe\nO hum hain bhole\nHum to kardenge seedhe\nDil se baat\nHum hi hain tere liye khaas\nTu hai humare liye laash\nYeh kahaani\nHai suhaani\nJab se tu hai mere paas\nYeh jawani\nHai purani\nJab se tu hai mere paas\nHum hi hain tere liye gaana re\nTu hai humare liye naach\nHum hi hain tere liye gaana re\nTu hai humare liye naach\nYeh jawani\nHai purani\nJab se tu hai mere paas\nKitni suhaani\nYeh jawani\nJab se tu hai mere paas\nHum hi hain tere liye chaach\nTu hai humare liye glass\nHum hi hain tere liye pyaase re\nTu hai humare liye laash\nHum hi hai tere liye khaas\nTu hai humare liye saans\nTu hai humare liye saans\nTu hai humare liye laash\nHmmmmm", "album": 33}}, {"model": "unlabel.songslist", "pk": 63, "fields": {"songName": "Mann Ki Baat", "lyrics": "", "album": 33}}, {"model": "unlabel.songslist", "pk": 64, "fields": {"songName": "We're Getting Married", "lyrics": "", "album": 34}}, {"model": "unlabel.songslist", "pk": 65, "fields": {"songName": "Potrait of a Time", "lyrics": "potrait of a time test", "album": 35}}, {"model": "unlabel.songslist", "pk": 66, "fields": {"songName": "Copulations", "lyrics": "", "album": 35}}, {"model": "unlabel.songslist", "pk": 67, "fields": {"songName": "Flies", "lyrics": "", "album": 35}}, {"model": "unlabel.songslist", "pk": 68, "fields": {"songName": "Clouds", "lyrics": "lyrics", "album": 36}}, {"model": "unlabel.songslist", "pk": 69, "fields": {"songName": "Work Clothes", "lyrics": "lyrics", "album": 36}}, {"model": "unlabel.songslist", "pk": 70, "fields": {"songName": "Chronic", "lyrics": "chronic", "album": 36}}, {"model": "unlabel.songslist", "pk": 71, "fields": {"songName": "Chitta", "lyrics": "", "album": 37}}, {"model": "unlabel.songslist", "pk": 72, "fields": {"songName": "Tabia", "lyrics": "", "album": 38}}, {"model": "unlabel.songslist", "pk": 73, "fields": {"songName": "Qafir", "lyrics": "Qafir lyrics", "album": 38}}, {"model": "unlabel.songslist", "pk": 74, "fields": {"songName": "Taqat", "lyrics": "taqat lyrics", "album": 38}}, {"model": "unlabel.songslist", "pk": 76, "fields": {"songName": "September Embers", "lyrics": "", "album": 39}}, {"model": "unlabel.songslist", "pk": 77, "fields": {"songName": "Empire of Fear", "lyrics": "Hey, did you hear\nThe empire has fallen from fear\nThe things that we all held dear\nHave been burned to the ground\nHey, can you see\nAll that clearly shouldn't be\nWe're all here bending our knees\nBut it feels like the weight of the world is on me\nI been spending my days in a haze\nOf a vast technicolor, our minds like no other\nI could shake, I could break free\nBut all for a second\nAnother tragedy beckons\nHey, do you know\nAll that counts to show\nAt the end of this long road\nIs the way that we loved\nAnd the way that we showed it\nI've been spending my days in a haze\nOf a vast technicolor, our minds like no other\nI could shake, I could break free\nBut all for a second\nAnother tragedy beckons\nHey, can we run\nFar from what we have done\nWhere it's easy living as one\nWe're beaming just like the sun\nSomewhere over rainbows' ends\nIs where my heart truly dwells", "album": 40}}, {"model": "unlabel.songslist", "pk": 78, "fields": {"songName": "Things I saw in a dream", "lyrics": "", "album": 41}}, {"model": "unlabel.songslist", "pk": 79, "fields": {"songName": "Trampoline", "lyrics": "", "album": 41}}, {"model": "unlabel.songslist", "pk": 80, "fields": {"songName": "Intervals", "lyrics": "", "album": 41}}, {"model": "unlabel.songslist", "pk": 81, "fields": {"songName": "Azad", "lyrics": "Azad lyrics", "album": 42}}, {"model": "unlabel.songslist", "pk": 82, "fields": {"songName": "Parvaaz", "lyrics": "", "album": 43}}, {"model": "unlabel.songslist", "pk": 83, "fields": {"songName": "Tilak", "lyrics": "", "album": 44}}, {"model": "unlabel.songslist", "pk": 84, "fields": {"songName": "1", "lyrics": "", "album": 45}}, {"model": "unlabel.songslist", "pk": 85, "fields": {"songName": "2", "lyrics": "", "album": 45}}, {"model": "unlabel.songslist", "pk": 86, "fields": {"songName": "3", "lyrics": "", "album": 45}}, {"model": "unlabel.songslist", "pk": 87, "fields": {"songName": "Pandemic test", "lyrics": "", "album": 31}}, {"model": "unlabel.comments", "pk": 1, "fields": {"user": 8, "album": 33, "body": "Great Album!", "timestamp": "2021-11-03T00:00:00Z"}}, {"model": "unlabel.comments", "pk": 2, "fields": {"user": 3, "album": 33, "body": "Test ", "timestamp": "2021-11-17T00:00:00Z"}}, {"model": "unlabel.comments", "pk": 5, "fields": {"user": 7, "album": 39, "body": "Are you performing live soon?", "timestamp": "2021-11-18T00:00:00Z"}}, {"model": "unlabel.comments", "pk": 6, "fields": {"user": 9, "album": 34, "body": "Would love to collaborate with you!", "timestamp": "2021-11-19T00:00:00Z"}}, {"model": "unlabel.comments", "pk": 13, "fields": {"user": 9, "album": 34, "body": "testing", "timestamp": "2021-11-19T00:00:00Z"}}, {"model": "unlabel.comments", "pk": 22, "fields": {"user": 9, "album": 39, "body": "yess test 123", "timestamp": "2021-11-19T00:00:00Z"}}, {"model": "unlabel.comments", "pk": 23, "fields": {"user": 9, "album": 39, "body": "testing", "timestamp": "2021-11-20T00:00:00Z"}}, {"model": "unlabel.comments", "pk": 25, "fields": {"user": 7, "album": 37, "body": "Keep making music!", "timestamp": "2021-11-20T00:00:00Z"}}, {"model": "unlabel.comments", "pk": 28, "fields": {"user": 7, "album": 36, "body": "hello!!", "timestamp": "2021-11-20T00:00:00Z"}}, {"model": "unlabel.action", "pk": 1, "fields": {"user": 3, "verb": "added the album", "target_ct": 7, "target_id": 45, "created": "2021-11-18T06:53:10.291Z"}}, {"model": "unlabel.action", "pk": 2, "fields": {"user": 8, "verb": "edited the album", "target_ct": 7, "target_id": 31, "created": "2021-11-18T20:50:33.601Z"}}, {"model": "unlabel.action", "pk": 3, "fields": {"user": 8, "verb": "edited their profile", "target_ct": null, "target_id": null, "created": "2021-11-18T21:54:56.439Z"}}, {"model": "unlabel.action", "pk": 4, "fields": {"user": 8, "verb": "edited their profile", "target_ct": null, "target_id": null, "created": "2021-11-18T21:55:11.981Z"}}, {"model": "unlabel.action", "pk": 5, "fields": {"user": 7, "verb": "commented on", "target_ct": 7, "target_id": 39, "created": "2021-11-18T22:44:02.406Z"}}, {"model": "unlabel.action", "pk": 6, "fields": {"user": 9, "verb": "added lyrics for the song", "target_ct": 9, "target_id": 77, "created": "2021-11-18T23:02:46.417Z"}}, {"model": "unlabel.action", "pk": 7, "fields": {"user": 9, "verb": "commented on", "target_ct": 7, "target_id": 34, "created": "2021-11-19T19:27:59.351Z"}}, {"model": "unlabel.action", "pk": 8, "fields": {"user": 9, "verb": "commented on", "target_ct": 7, "target_id": 34, "created": "2021-11-19T19:53:59.188Z"}}, {"model": "unlabel.action", "pk": 9, "fields": {"user": 9, "verb": "commented on", "target_ct": 7, "target_id": 34, "created": "2021-11-19T20:28:14.060Z"}}, {"model": "unlabel.action", "pk": 10, "fields": {"user": 9, "verb": "commented on", "target_ct": 7, "target_id": 34, "created": "2021-11-19T20:31:08.545Z"}}, {"model": "unlabel.action", "pk": 11, "fields": {"user": 9, "verb": "commented on", "target_ct": 7, "target_id": 34, "created": "2021-11-19T20:32:35.476Z"}}, {"model": "unlabel.action", "pk": 12, "fields": {"user": 9, "verb": "commented on", "target_ct": 7, "target_id": 34, "created": "2021-11-19T20:37:25.301Z"}}, {"model": "unlabel.action", "pk": 13, "fields": {"user": 9, "verb": "commented on", "target_ct": 7, "target_id": 34, "created": "2021-11-19T20:42:31.775Z"}}, {"model": "unlabel.action", "pk": 14, "fields": {"user": 9, "verb": "commented on", "target_ct": 7, "target_id": 34, "created": "2021-11-19T20:44:11.792Z"}}, {"model": "unlabel.action", "pk": 15, "fields": {"user": 9, "verb": "commented on", "target_ct": 7, "target_id": 39, "created": "2021-11-19T20:44:33.086Z"}}, {"model": "unlabel.action", "pk": 16, "fields": {"user": 9, "verb": "commented on", "target_ct": 7, "target_id": 39, "created": "2021-11-19T21:41:38.893Z"}}, {"model": "unlabel.action", "pk": 17, "fields": {"user": 9, "verb": "commented on", "target_ct": 7, "target_id": 39, "created": "2021-11-19T22:08:03.531Z"}}, {"model": "unlabel.action", "pk": 18, "fields": {"user": 9, "verb": "commented on", "target_ct": 7, "target_id": 39, "created": "2021-11-19T22:10:00.402Z"}}, {"model": "unlabel.action", "pk": 19, "fields": {"user": 9, "verb": "commented on", "target_ct": 7, "target_id": 39, "created": "2021-11-19T22:11:11.269Z"}}, {"model": "unlabel.action", "pk": 20, "fields": {"user": 9, "verb": "commented on", "target_ct": 7, "target_id": 39, "created": "2021-11-19T22:13:12.896Z"}}, {"model": "unlabel.action", "pk": 21, "fields": {"user": 9, "verb": "commented on", "target_ct": 7, "target_id": 39, "created": "2021-11-19T22:26:11.327Z"}}, {"model": "unlabel.action", "pk": 22, "fields": {"user": 9, "verb": "commented on", "target_ct": 7, "target_id": 39, "created": "2021-11-19T22:28:09.312Z"}}, {"model": "unlabel.action", "pk": 23, "fields": {"user": 9, "verb": "commented on", "target_ct": 7, "target_id": 39, "created": "2021-11-19T22:29:27.997Z"}}, {"model": "unlabel.action", "pk": 24, "fields": {"user": 9, "verb": "commented on", "target_ct": 7, "target_id": 39, "created": "2021-11-20T00:39:14.501Z"}}, {"model": "unlabel.action", "pk": 25, "fields": {"user": 7, "verb": "commented on", "target_ct": 7, "target_id": 37, "created": "2021-11-20T00:56:59.150Z"}}, {"model": "unlabel.action", "pk": 26, "fields": {"user": 7, "verb": "commented on", "target_ct": 7, "target_id": 37, "created": "2021-11-20T01:19:17.236Z"}}, {"model": "unlabel.action", "pk": 27, "fields": {"user": 7, "verb": "commented on", "target_ct": 7, "target_id": 36, "created": "2021-11-20T01:20:45.323Z"}}, {"model": "unlabel.action", "pk": 28, "fields": {"user": 7, "verb": "commented on", "target_ct": 7, "target_id": 36, "created": "2021-11-20T01:23:34.381Z"}}, {"model": "unlabel.action", "pk": 29, "fields": {"user": 7, "verb": "commented on", "target_ct": 7, "target_id": 36, "created": "2021-11-20T01:23:49.952Z"}}, {"model": "unlabel.action", "pk": 30, "fields": {"user": 7, "verb": "commented on", "target_ct": 7, "target_id": 36, "created": "2021-11-20T01:23:56.511Z"}}, {"model": "unlabel.action", "pk": 31, "fields": {"user": 7, "verb": "commented on", "target_ct": 7, "target_id": 33, "created": "2021-11-20T01:32:35.046Z"}}, {"model": "unlabel.action", "pk": 32, "fields": {"user": 7, "verb": "edited their profile", "target_ct": null, "target_id": null, "created": "2021-11-20T01:41:50.780Z"}}]